D1,D2,avgArea D1,avgArea D2,size D1 (in MB),size D2 (in MB),areaINT/area1,MBR1,areaINT/area2,MBR2
A1,B1,1.00E-08,1.00E-08,128,128,1,"0.0,0.0,1.0,1.0",1,"0.0,0.0,1.0,1.0"
A2,B2,1.00E-08,1.00E-08,128,256,1,"0.0,0.0,1.0,1.0",1,"0.0,0.0,1.0,1.0"
A3,B3,1.00E-08,1.00E-08,128,512,1,"0.0,0.0,1.0,1.0",1,"0.0,0.0,1.0,1.0"
A4,B4,1.00E-08,1.00E-08,128,1024,1,"0.0,0.0,1.0,1.0",1,"0.0,0.0,1.0,1.0"
A5,B5,1.00E-08,1.00E-08,128,2048,1,"0.0,0.0,1.0,1.0",1,"0.0,0.0,1.0,1.0"
A6,B6,1.00E-08,1.00E-08,128,4096,1,"0.0,0.0,1.0,1.0",1,"0.0,0.0,1.0,1.0"
A7,B7,1.00E-08,1.00E-08,128,8192,1,"0.0,0.0,1.0,1.0",1,"0.0,0.0,1.0,1.0"
A8,B8,1.00E-08,1.00E-08,128,16384,1,"0.0,0.0,1.0,1.0",1,"0.0,0.0,1.0,1.0"
A9,B9,1.00E-08,1.00E-08,128,32768,1,"0.0,0.0,1.0,1.0",1,"0.0,0.0,1.0,1.0"
A10,B10,1.00E-08,1.00E-08,128,65536,1,"0.0,0.0,1.0,1.0",1,"0.0,0.0,1.0,1.0"
A11,B11,1.00E-07,1.00E-09,128,2048,1,"0.0,0.0,1.0,1.0",1,"0.0,0.0,1.0,1.0"
A12,B12,1.00E-07,1.00E-09,256,2048,1,"0.0,0.0,1.0,1.0",1,"0.0,0.0,1.0,1.0"
A13,B13,1.00E-07,1.00E-09,512,2048,1,"0.0,0.0,1.0,1.0",1,"0.0,0.0,1.0,1.0"
A14,B14,1.00E-07,1.00E-09,1024,2048,1,"0.0,0.0,1.0,1.0",1,"0.0,0.0,1.0,1.0"
A15,B15,1.00E-07,1.00E-09,2048,2048,1,"0.0,0.0,1.0,1.0",1,"0.0,0.0,1.0,1.0"
A16,B16,1.00E-09,1.00E-07,2048,4096,1,"0.0,0.0,1.0,1.0",1,"0.0,0.0,1.0,1.0"
A17,B17,1.00E-09,1.00E-07,2048,8192,1,"0.0,0.0,1.0,1.0",1,"0.0,0.0,1.0,1.0"
A18,B18,1.00E-09,1.00E-07,2048,16384,1,"0.0,0.0,1.0,1.0",1,"0.0,0.0,1.0,1.0"
A19,B19,1.00E-09,1.00E-07,2048,32768,1,"0.0,0.0,1.0,1.0",1,"0.0,0.0,1.0,1.0"
A20,B20,1.00E-09,1.00E-07,2048,65536,1,"0.0,0.0,1.0,1.0",1,"0.0,0.0,1.0,1.0"
A21,B21,1.00E-07,1.00E-08,128,2048,1,"0.0,0.0,1.0,1.0",1,"0.0,0.0,1.0,1.0"
A22,B22,1.00E-07,1.00E-08,256,2048,1,"0.0,0.0,1.0,1.0",1,"0.0,0.0,1.0,1.0"
A23,B23,1.00E-07,1.00E-08,512,2048,1,"0.0,0.0,1.0,1.0",1,"0.0,0.0,1.0,1.0"
A24,B24,1.00E-07,1.00E-08,1024,2048,1,"0.0,0.0,1.0,1.0",1,"0.0,0.0,1.0,1.0"
A25,B25,1.00E-07,1.00E-08,2048,2048,1,"0.0,0.0,1.0,1.0",1,"0.0,0.0,1.0,1.0"
A26,B26,1.00E-08,1.00E-07,2048,4096,1,"0.0,0.0,1.0,1.0",1,"0.0,0.0,1.0,1.0"
A27,B27,1.00E-08,1.00E-07,2048,8192,1,"0.0,0.0,1.0,1.0",1,"0.0,0.0,1.0,1.0"
A28,B28,1.00E-08,1.00E-07,2048,16384,1,"0.0,0.0,1.0,1.0",1,"0.0,0.0,1.0,1.0"
A29,B29,1.00E-08,1.00E-07,2048,32768,1,"0.0,0.0,1.0,1.0",1,"0.0,0.0,1.0,1.0"
A30,B30,1.00E-08,1.00E-07,2048,65536,1,"0.0,0.0,1.0,1.0",1,"0.0,0.0,1.0,1.0"
A31,B31,1.00E-07,1.00E-07,128,2048,1,"0.0,0.0,1.0,1.0",1,"0.0,0.0,1.0,1.0"
A32,B32,1.00E-07,1.00E-07,256,2048,1,"0.0,0.0,1.0,1.0",1,"0.0,0.0,1.0,1.0"
A33,B33,1.00E-07,1.00E-07,512,2048,1,"0.0,0.0,1.0,1.0",1,"0.0,0.0,1.0,1.0"
A34,B34,1.00E-07,1.00E-07,1024,2048,1,"0.0,0.0,1.0,1.0",1,"0.0,0.0,1.0,1.0"
A35,B35,1.00E-07,1.00E-07,2048,2048,1,"0.0,0.0,1.0,1.0",1,"0.0,0.0,1.0,1.0"
A36,B36,1.00E-07,1.00E-07,2048,4096,1,"0.0,0.0,1.0,1.0",1,"0.0,0.0,1.0,1.0"
A37,B37,1.00E-07,1.00E-07,2048,8192,1,"0.0,0.0,1.0,1.0",1,"0.0,0.0,1.0,1.0"
A38,B38,1.00E-07,1.00E-07,2048,16384,1,"0.0,0.0,1.0,1.0",1,"0.0,0.0,1.0,1.0"
A39,B39,1.00E-07,1.00E-07,2048,32768,1,"0.0,0.0,1.0,1.0",1,"0.0,0.0,1.0,1.0"
A40,B40,1.00E-07,1.00E-07,2048,65536,1,"0.0,0.0,1.0,1.0",1,"0.0,0.0,1.0,1.0"
A41,B41,1.00E-07,1.00E-06,128,2048,1,"0.0,0.0,1.0,1.0",1,"0.0,0.0,1.0,1.0"
A42,B42,1.00E-07,1.00E-06,256,2048,1,"0.0,0.0,1.0,1.0",1,"0.0,0.0,1.0,1.0"
A43,B43,1.00E-07,1.00E-06,512,2048,1,"0.0,0.0,1.0,1.0",1,"0.0,0.0,1.0,1.0"
A44,B44,1.00E-07,1.00E-06,1024,2048,1,"0.0,0.0,1.0,1.0",1,"0.0,0.0,1.0,1.0"
A45,B45,1.00E-07,1.00E-06,2048,2048,1,"0.0,0.0,1.0,1.0",1,"0.0,0.0,1.0,1.0"
A46,B46,1.00E-06,1.00E-07,2048,4096,1,"0.0,0.0,1.0,1.0",1,"0.0,0.0,1.0,1.0"
A47,B47,1.00E-06,1.00E-07,2048,8192,1,"0.0,0.0,1.0,1.0",1,"0.0,0.0,1.0,1.0"
A48,B48,1.00E-06,1.00E-07,2048,16384,1,"0.0,0.0,1.0,1.0",1,"0.0,0.0,1.0,1.0"
A49,B49,1.00E-06,1.00E-07,2048,32768,1,"0.0,0.0,1.0,1.0",1,"0.0,0.0,1.0,1.0"
A50,B50,1.00E-06,1.00E-07,2048,65536,1,"0.0,0.0,1.0,1.0",1,"0.0,0.0,1.0,1.0"
A51,B51,1.00E-07,1.00E-05,128,2048,1,"0.0,0.0,1.0,1.0",1,"0.0,0.0,1.0,1.0"
A52,B52,1.00E-07,1.00E-05,256,2048,1,"0.0,0.0,1.0,1.0",1,"0.0,0.0,1.0,1.0"
A53,B53,1.00E-07,1.00E-05,512,2048,1,"0.0,0.0,1.0,1.0",1,"0.0,0.0,1.0,1.0"
A54,B54,1.00E-07,1.00E-05,1024,2048,1,"0.0,0.0,1.0,1.0",1,"0.0,0.0,1.0,1.0"
A55,B55,1.00E-07,1.00E-05,2048,2048,1,"0.0,0.0,1.0,1.0",1,"0.0,0.0,1.0,1.0"
A56,B56,1.00E-05,1.00E-07,2048,4096,1,"0.0,0.0,1.0,1.0",1,"0.0,0.0,1.0,1.0"
A57,B57,1.00E-05,1.00E-07,2048,8192,1,"0.0,0.0,1.0,1.0",1,"0.0,0.0,1.0,1.0"
A58,B58,1.00E-05,1.00E-07,2048,16384,1,"0.0,0.0,1.0,1.0",1,"0.0,0.0,1.0,1.0"
A59,B59,1.00E-05,1.00E-07,2048,32768,1,"0.0,0.0,1.0,1.0",1,"0.0,0.0,1.0,1.0"
A60,B60,1.00E-05,1.00E-07,2048,65536,1,"0.0,0.0,1.0,1.0",1,"0.0,0.0,1.0,1.0"
A61,B61,1.00E-07,1.00E-04,128,2048,1,"0.0,0.0,1.0,1.0",1,"0.0,0.0,1.0,1.0"
A62,B62,1.00E-07,1.00E-04,256,2048,1,"0.0,0.0,1.0,1.0",1,"0.0,0.0,1.0,1.0"
A63,B63,1.00E-07,1.00E-04,512,2048,1,"0.0,0.0,1.0,1.0",1,"0.0,0.0,1.0,1.0"
A64,B64,1.00E-07,1.00E-04,1024,2048,1,"0.0,0.0,1.0,1.0",1,"0.0,0.0,1.0,1.0"
A65,B65,1.00E-07,1.00E-04,2048,2048,1,"0.0,0.0,1.0,1.0",1,"0.0,0.0,1.0,1.0"
A66,B66,1.00E-04,1.00E-07,2048,4096,1,"0.0,0.0,1.0,1.0",1,"0.0,0.0,1.0,1.0"
A67,B67,1.00E-04,1.00E-07,2048,8192,1,"0.0,0.0,1.0,1.0",1,"0.0,0.0,1.0,1.0"
A68,B68,1.00E-04,1.00E-07,2048,16384,1,"0.0,0.0,1.0,1.0",1,"0.0,0.0,1.0,1.0"
A69,B69,1.00E-04,1.00E-07,2048,32768,1,"0.0,0.0,1.0,1.0",1,"0.0,0.0,1.0,1.0"
A70,B70,1.00E-04,1.00E-07,2048,65536,1,"0.0,0.0,1.0,1.0",1,"0.0,0.0,1.0,1.0"
A71,B71,1.00E-07,1.00E-03,128,2048,1,"0.0,0.0,1.0,1.0",1,"0.0,0.0,1.0,1.0"
A72,B72,1.00E-07,1.00E-03,256,2048,1,"0.0,0.0,1.0,1.0",1,"0.0,0.0,1.0,1.0"
A73,B73,1.00E-07,1.00E-03,512,2048,1,"0.0,0.0,1.0,1.0",1,"0.0,0.0,1.0,1.0"
A74,B74,1.00E-07,1.00E-03,1024,2048,1,"0.0,0.0,1.0,1.0",1,"0.0,0.0,1.0,1.0"
A75,B75,1.00E-07,1.00E-03,2048,2048,1,"0.0,0.0,1.0,1.0",1,"0.0,0.0,1.0,1.0"
A76,B76,1.00E-03,1.00E-07,2048,4096,1,"0.0,0.0,1.0,1.0",1,"0.0,0.0,1.0,1.0"
A77,B77,1.00E-03,1.00E-07,2048,8192,1,"0.0,0.0,1.0,1.0",1,"0.0,0.0,1.0,1.0"
A78,B78,1.00E-03,1.00E-07,2048,16384,1,"0.0,0.0,1.0,1.0",1,"0.0,0.0,1.0,1.0"
A79,B79,1.00E-03,1.00E-07,2048,32768,1,"0.0,0.0,1.0,1.0",1,"0.0,0.0,1.0,1.0"
A80,B80,1.00E-03,1.00E-07,2048,65536,1,"0.0,0.0,1.0,1.0",1,"0.0,0.0,1.0,1.0"
A81,B81,1.00E-07,1.00E-02,128,2048,1,"0.0,0.0,1.0,1.0",1,"0.0,0.0,1.0,1.0"
A82,B82,1.00E-07,1.00E-02,256,2048,1,"0.0,0.0,1.0,1.0",1,"0.0,0.0,1.0,1.0"
A83,B83,1.00E-07,1.00E-02,512,2048,1,"0.0,0.0,1.0,1.0",1,"0.0,0.0,1.0,1.0"
A84,B84,1.00E-07,1.00E-02,1024,2048,1,"0.0,0.0,1.0,1.0",1,"0.0,0.0,1.0,1.0"
A85,B85,1.00E-07,1.00E-02,2048,2048,1,"0.0,0.0,1.0,1.0",1,"0.0,0.0,1.0,1.0"
A86,B86,1.00E-02,1.00E-07,2048,4096,1,"0.0,0.0,1.0,1.0",1,"0.0,0.0,1.0,1.0"
A87,B87,1.00E-02,1.00E-07,2048,8192,1,"0.0,0.0,1.0,1.0",1,"0.0,0.0,1.0,1.0"
A88,B88,1.00E-02,1.00E-07,2048,16384,1,"0.0,0.0,1.0,1.0",1,"0.0,0.0,1.0,1.0"
A89,B89,1.00E-02,1.00E-07,2048,32768,1,"0.0,0.0,1.0,1.0",1,"0.0,0.0,1.0,1.0"
A90,B90,1.00E-02,1.00E-07,2048,65536,1,"0.0,0.0,1.0,1.0",1,"0.0,0.0,1.0,1.0"
A91,B91,1.00E-07,1.00E-08,128,128,1,"0.0,0.0,1.0,1.0",1,"0.0,0.0,1.0,1.0"
A92,B92,1.00E-07,1.00E-08,128,256,1,"0.0,0.0,1.0,1.0",1,"0.0,0.0,1.0,1.0"
A93,B93,1.00E-07,1.00E-08,128,512,1,"0.0,0.0,1.0,1.0",1,"0.0,0.0,1.0,1.0"
A94,B94,1.00E-07,1.00E-08,128,1024,1,"0.0,0.0,1.0,1.0",1,"0.0,0.0,1.0,1.0"
A95,B95,1.00E-07,1.00E-08,128,2048,1,"0.0,0.0,1.0,1.0",1,"0.0,0.0,1.0,1.0"
A96,B96,1.00E-07,1.00E-08,128,4096,1,"0.0,0.0,1.0,1.0",1,"0.0,0.0,1.0,1.0"
A97,B97,1.00E-07,1.00E-08,128,8192,1,"0.0,0.0,1.0,1.0",1,"0.0,0.0,1.0,1.0"
A98,B98,1.00E-07,1.00E-08,128,16384,1,"0.0,0.0,1.0,1.0",1,"0.0,0.0,1.0,1.0"
A99,B99,1.00E-07,1.00E-08,128,32768,1,"0.0,0.0,1.0,1.0",1,"0.0,0.0,1.0,1.0"
A100,B100,1.00E-07,1.00E-08,128,65536,1,"0.0,0.0,1.0,1.0",1,"0.0,0.0,1.0,1.0"
A101,B101,1.00E-07,1.00E-08,128,256,1,"0.0,0.0,1.0,1.0",1,"0.0,0.0,1.0,1.0"
A102,B102,1.00E-07,1.00E-08,256,256,1,"0.0,0.0,1.0,1.0",1,"0.0,0.0,1.0,1.0"
A103,B103,1.00E-07,1.00E-08,256,512,1,"0.0,0.0,1.0,1.0",1,"0.0,0.0,1.0,1.0"
A104,B104,1.00E-07,1.00E-08,256,1024,1,"0.0,0.0,1.0,1.0",1,"0.0,0.0,1.0,1.0"
A105,B105,1.00E-07,1.00E-08,256,2048,1,"0.0,0.0,1.0,1.0",1,"0.0,0.0,1.0,1.0"
A106,B106,1.00E-07,1.00E-08,256,4096,1,"0.0,0.0,1.0,1.0",1,"0.0,0.0,1.0,1.0"
A107,B107,1.00E-07,1.00E-08,256,8192,1,"0.0,0.0,1.0,1.0",1,"0.0,0.0,1.0,1.0"
A108,B108,1.00E-07,1.00E-08,256,16384,1,"0.0,0.0,1.0,1.0",1,"0.0,0.0,1.0,1.0"
A109,B109,1.00E-07,1.00E-08,256,32768,1,"0.0,0.0,1.0,1.0",1,"0.0,0.0,1.0,1.0"
A110,B110,1.00E-07,1.00E-08,256,65536,1,"0.0,0.0,1.0,1.0",1,"0.0,0.0,1.0,1.0"
A111,B111,1.00E-07,1.00E-08,128,512,1,"0.0,0.0,1.0,1.0",1,"0.0,0.0,1.0,1.0"
A112,B112,1.00E-07,1.00E-08,256,512,1,"0.0,0.0,1.0,1.0",1,"0.0,0.0,1.0,1.0"
A113,B113,1.00E-07,1.00E-08,512,512,1,"0.0,0.0,1.0,1.0",1,"0.0,0.0,1.0,1.0"
A114,B114,1.00E-07,1.00E-08,512,1024,1,"0.0,0.0,1.0,1.0",1,"0.0,0.0,1.0,1.0"
A115,B115,1.00E-07,1.00E-08,512,2048,1,"0.0,0.0,1.0,1.0",1,"0.0,0.0,1.0,1.0"
A116,B116,1.00E-07,1.00E-08,512,4096,1,"0.0,0.0,1.0,1.0",1,"0.0,0.0,1.0,1.0"
A117,B117,1.00E-07,1.00E-08,512,8192,1,"0.0,0.0,1.0,1.0",1,"0.0,0.0,1.0,1.0"
A118,B118,1.00E-07,1.00E-08,512,16384,1,"0.0,0.0,1.0,1.0",1,"0.0,0.0,1.0,1.0"
A119,B119,1.00E-07,1.00E-08,512,32768,1,"0.0,0.0,1.0,1.0",1,"0.0,0.0,1.0,1.0"
A120,B120,1.00E-07,1.00E-08,512,65536,1,"0.0,0.0,1.0,1.0",1,"0.0,0.0,1.0,1.0"
A121,B121,1.00E-07,1.00E-08,128,1024,1,"0.0,0.0,1.0,1.0",1,"0.0,0.0,1.0,1.0"
A122,B122,1.00E-07,1.00E-08,256,1024,1,"0.0,0.0,1.0,1.0",1,"0.0,0.0,1.0,1.0"
A123,B123,1.00E-07,1.00E-08,512,1024,1,"0.0,0.0,1.0,1.0",1,"0.0,0.0,1.0,1.0"
A124,B124,1.00E-07,1.00E-08,1024,1024,1,"0.0,0.0,1.0,1.0",1,"0.0,0.0,1.0,1.0"
A125,B125,1.00E-07,1.00E-08,1024,2048,1,"0.0,0.0,1.0,1.0",1,"0.0,0.0,1.0,1.0"
A126,B126,1.00E-07,1.00E-08,1024,4096,1,"0.0,0.0,1.0,1.0",1,"0.0,0.0,1.0,1.0"
A127,B127,1.00E-07,1.00E-08,1024,8192,1,"0.0,0.0,1.0,1.0",1,"0.0,0.0,1.0,1.0"
A128,B128,1.00E-07,1.00E-08,1024,16384,1,"0.0,0.0,1.0,1.0",1,"0.0,0.0,1.0,1.0"
A129,B129,1.00E-07,1.00E-08,1024,32768,1,"0.0,0.0,1.0,1.0",1,"0.0,0.0,1.0,1.0"
A130,B130,1.00E-07,1.00E-08,1024,65536,1,"0.0,0.0,1.0,1.0",1,"0.0,0.0,1.0,1.0"
A131,B131,1.00E-07,1.00E-08,128,2048,1,"0.0,0.0,1.0,1.0",1,"0.0,0.0,1.0,1.0"
A132,B132,1.00E-07,1.00E-08,256,2048,1,"0.0,0.0,1.0,1.0",1,"0.0,0.0,1.0,1.0"
A133,B133,1.00E-07,1.00E-08,512,2048,1,"0.0,0.0,1.0,1.0",1,"0.0,0.0,1.0,1.0"
A134,B134,1.00E-07,1.00E-08,1024,2048,1,"0.0,0.0,1.0,1.0",1,"0.0,0.0,1.0,1.0"
A135,B135,1.00E-07,1.00E-08,2048,2048,1,"0.0,0.0,1.0,1.0",1,"0.0,0.0,1.0,1.0"
A136,B136,1.00E-07,1.00E-08,2048,4096,1,"0.0,0.0,1.0,1.0",1,"0.0,0.0,1.0,1.0"
A137,B137,1.00E-07,1.00E-08,2048,8192,1,"0.0,0.0,1.0,1.0",1,"0.0,0.0,1.0,1.0"
A138,B138,1.00E-07,1.00E-08,2048,16384,1,"0.0,0.0,1.0,1.0",1,"0.0,0.0,1.0,1.0"
A139,B139,1.00E-07,1.00E-08,2048,32768,1,"0.0,0.0,1.0,1.0",1,"0.0,0.0,1.0,1.0"
A140,B140,1.00E-07,1.00E-08,2048,65536,1,"0.0,0.0,1.0,1.0",1,"0.0,0.0,1.0,1.0"
A141,B141,1.00E-07,1.00E-08,128,4096,1,"0.0,0.0,1.0,1.0",1,"0.0,0.0,1.0,1.0"
A142,B142,1.00E-07,1.00E-08,256,4096,1,"0.0,0.0,1.0,1.0",1,"0.0,0.0,1.0,1.0"
A143,B143,1.00E-07,1.00E-08,512,4096,1,"0.0,0.0,1.0,1.0",1,"0.0,0.0,1.0,1.0"
A144,B144,1.00E-07,1.00E-08,1024,4096,1,"0.0,0.0,1.0,1.0",1,"0.0,0.0,1.0,1.0"
A145,B145,1.00E-07,1.00E-08,2048,4096,1,"0.0,0.0,1.0,1.0",1,"0.0,0.0,1.0,1.0"
A146,B146,1.00E-07,1.00E-08,4096,4096,1,"0.0,0.0,1.0,1.0",1,"0.0,0.0,1.0,1.0"
A147,B147,1.00E-07,1.00E-08,4096,8192,1,"0.0,0.0,1.0,1.0",1,"0.0,0.0,1.0,1.0"
A148,B148,1.00E-07,1.00E-08,4096,16384,1,"0.0,0.0,1.0,1.0",1,"0.0,0.0,1.0,1.0"
A149,B149,1.00E-07,1.00E-08,4096,32768,1,"0.0,0.0,1.0,1.0",1,"0.0,0.0,1.0,1.0"
A150,B150,1.00E-07,1.00E-08,4096,65536,1,"0.0,0.0,1.0,1.0",1,"0.0,0.0,1.0,1.0"
A151,B151,1.00E-07,1.00E-08,128,8192,1,"0.0,0.0,1.0,1.0",1,"0.0,0.0,1.0,1.0"
A152,B152,1.00E-07,1.00E-08,256,8192,1,"0.0,0.0,1.0,1.0",1,"0.0,0.0,1.0,1.0"
A153,B153,1.00E-07,1.00E-08,512,8192,1,"0.0,0.0,1.0,1.0",1,"0.0,0.0,1.0,1.0"
A154,B154,1.00E-07,1.00E-08,1024,8192,1,"0.0,0.0,1.0,1.0",1,"0.0,0.0,1.0,1.0"
A155,B155,1.00E-07,1.00E-08,2048,8192,1,"0.0,0.0,1.0,1.0",1,"0.0,0.0,1.0,1.0"
A156,B156,1.00E-07,1.00E-08,4096,8192,1,"0.0,0.0,1.0,1.0",1,"0.0,0.0,1.0,1.0"
A157,B157,1.00E-07,1.00E-08,8192,8192,1,"0.0,0.0,1.0,1.0",1,"0.0,0.0,1.0,1.0"
A158,B158,1.00E-07,1.00E-08,8192,16384,1,"0.0,0.0,1.0,1.0",1,"0.0,0.0,1.0,1.0"
A159,B159,1.00E-07,1.00E-08,8192,32768,1,"0.0,0.0,1.0,1.0",1,"0.0,0.0,1.0,1.0"
A160,B160,1.00E-07,1.00E-08,8192,65536,1,"0.0,0.0,1.0,1.0",1,"0.0,0.0,1.0,1.0"
A161,B161,1.00E-07,1.00E-08,128,16384,1,"0.0,0.0,1.0,1.0",1,"0.0,0.0,1.0,1.0"
A162,B162,1.00E-07,1.00E-08,256,16384,1,"0.0,0.0,1.0,1.0",1,"0.0,0.0,1.0,1.0"
A163,B163,1.00E-07,1.00E-08,512,16384,1,"0.0,0.0,1.0,1.0",1,"0.0,0.0,1.0,1.0"
A164,B164,1.00E-07,1.00E-08,1024,16384,1,"0.0,0.0,1.0,1.0",1,"0.0,0.0,1.0,1.0"
A165,B165,1.00E-07,1.00E-08,2048,16384,1,"0.0,0.0,1.0,1.0",1,"0.0,0.0,1.0,1.0"
A166,B166,1.00E-07,1.00E-08,4096,16384,1,"0.0,0.0,1.0,1.0",1,"0.0,0.0,1.0,1.0"
A167,B167,1.00E-07,1.00E-08,8192,16384,1,"0.0,0.0,1.0,1.0",1,"0.0,0.0,1.0,1.0"
A168,B168,1.00E-07,1.00E-08,16384,16384,1,"0.0,0.0,1.0,1.0",1,"0.0,0.0,1.0,1.0"
A169,B169,1.00E-07,1.00E-08,16384,32768,1,"0.0,0.0,1.0,1.0",1,"0.0,0.0,1.0,1.0"
A170,B170,1.00E-07,1.00E-08,16384,65536,1,"0.0,0.0,1.0,1.0",1,"0.0,0.0,1.0,1.0"
A171,B171,1.00E-07,1.00E-08,128,32768,1,"0.0,0.0,1.0,1.0",1,"0.0,0.0,1.0,1.0"
A172,B172,1.00E-07,1.00E-08,256,32768,1,"0.0,0.0,1.0,1.0",1,"0.0,0.0,1.0,1.0"
A173,B173,1.00E-07,1.00E-08,512,32768,1,"0.0,0.0,1.0,1.0",1,"0.0,0.0,1.0,1.0"
A174,B174,1.00E-07,1.00E-08,1024,32768,1,"0.0,0.0,1.0,1.0",1,"0.0,0.0,1.0,1.0"
A175,B175,1.00E-07,1.00E-08,2048,32768,1,"0.0,0.0,1.0,1.0",1,"0.0,0.0,1.0,1.0"
A176,B176,1.00E-07,1.00E-08,4096,32768,1,"0.0,0.0,1.0,1.0",1,"0.0,0.0,1.0,1.0"
A177,B177,1.00E-07,1.00E-08,8192,32768,1,"0.0,0.0,1.0,1.0",1,"0.0,0.0,1.0,1.0"
A178,B178,1.00E-07,1.00E-08,16384,32768,1,"0.0,0.0,1.0,1.0",1,"0.0,0.0,1.0,1.0"
A179,B179,1.00E-07,1.00E-08,32768,32768,1,"0.0,0.0,1.0,1.0",1,"0.0,0.0,1.0,1.0"
A180,B180,1.00E-07,1.00E-08,32768,65536,1,"0.0,0.0,1.0,1.0",1,"0.0,0.0,1.0,1.0"
A181,B181,1.00E-07,1.00E-08,128,65536,1,"0.0,0.0,1.0,1.0",1,"0.0,0.0,1.0,1.0"
A182,B182,1.00E-07,1.00E-08,256,65536,1,"0.0,0.0,1.0,1.0",1,"0.0,0.0,1.0,1.0"
A183,B183,1.00E-07,1.00E-08,512,65536,1,"0.0,0.0,1.0,1.0",1,"0.0,0.0,1.0,1.0"
A184,B184,1.00E-07,1.00E-08,1024,65536,1,"0.0,0.0,1.0,1.0",1,"0.0,0.0,1.0,1.0"
A185,B185,1.00E-07,1.00E-08,2048,65536,1,"0.0,0.0,1.0,1.0",1,"0.0,0.0,1.0,1.0"
A186,B186,1.00E-07,1.00E-08,4096,65536,1,"0.0,0.0,1.0,1.0",1,"0.0,0.0,1.0,1.0"
A187,B187,1.00E-07,1.00E-08,8192,65536,1,"0.0,0.0,1.0,1.0",1,"0.0,0.0,1.0,1.0"
A188,B188,1.00E-07,1.00E-08,16384,65536,1,"0.0,0.0,1.0,1.0",1,"0.0,0.0,1.0,1.0"
A189,B189,1.00E-07,1.00E-08,32768,65536,1,"0.0,0.0,1.0,1.0",1,"0.0,0.0,1.0,1.0"
A190,B190,1.00E-07,1.00E-08,65536,65536,1,"0.0,0.0,1.0,1.0",1,"0.0,0.0,1.0,1.0"
A191,B191,1.00E-07,1.00E-08,128,4096,1,"0.0,0.0,1.0,1.0",0.9,"0.0,0.0,1.0540925533894598,1.0540925533894598"
A192,B192,1.00E-07,1.00E-08,256,4096,0.9,"-0.05409255338945984,-0.05409255338945984,1.0,1.0",0.9,"0.0,0.0,1.0540925533894598,1.0540925533894598"
A193,B193,1.00E-07,1.00E-08,512,4096,0.8,"-0.1180339887498949,-0.1180339887498949,1.0,1.0",0.9,"0.0,0.0,1.0540925533894598,1.0540925533894598"
A194,B194,1.00E-07,1.00E-08,1024,4096,0.7,"-0.19522860933439357,-0.19522860933439357,1.0,1.0",0.9,"0.0,0.0,1.0540925533894598,1.0540925533894598"
A195,B195,1.00E-07,1.00E-08,2048,4096,0.6,"-0.2909944487358056,-0.2909944487358056,1.0,1.0",0.9,"0.0,0.0,1.0540925533894598,1.0540925533894598"
A196,B196,1.00E-07,1.00E-08,4096,4096,0.5,"-0.41421356237309515,-0.41421356237309515,1.0,1.0",0.9,"0.0,0.0,1.0540925533894598,1.0540925533894598"
A197,B197,1.00E-07,1.00E-08,8192,4096,0.4,"-0.5811388300841898,-0.5811388300841898,1.0,1.0",0.9,"0.0,0.0,1.0540925533894598,1.0540925533894598"
A198,B198,1.00E-07,1.00E-08,16384,4096,0.3,"-0.8257418583505538,-0.8257418583505538,1.0,1.0",0.9,"0.0,0.0,1.0540925533894598,1.0540925533894598"
A199,B199,1.00E-07,1.00E-08,32768,4096,0.2,"-1.2360679774997898,-1.2360679774997898,1.0,1.0",0.9,"0.0,0.0,1.0540925533894598,1.0540925533894598"
A200,B200,1.00E-07,1.00E-08,65536,4096,0.1,"-2.1622776601683795,-2.1622776601683795,1.0,1.0",0.9,"0.0,0.0,1.0540925533894598,1.0540925533894598"
A201,B201,1.00E-07,1.00E-08,128,4096,1,"0.0,0.0,1.0,1.0",0.8,"0.0,0.0,1.118033988749895,1.118033988749895"
A202,B202,1.00E-07,1.00E-08,256,4096,0.9,"-0.05409255338945984,-0.05409255338945984,1.0,1.0",0.8,"0.0,0.0,1.118033988749895,1.118033988749895"
A203,B203,1.00E-07,1.00E-08,512,4096,0.8,"-0.1180339887498949,-0.1180339887498949,1.0,1.0",0.8,"0.0,0.0,1.118033988749895,1.118033988749895"
A204,B204,1.00E-07,1.00E-08,1024,4096,0.7,"-0.19522860933439357,-0.19522860933439357,1.0,1.0",0.8,"0.0,0.0,1.118033988749895,1.118033988749895"
A205,B205,1.00E-07,1.00E-08,2048,4096,0.6,"-0.2909944487358056,-0.2909944487358056,1.0,1.0",0.8,"0.0,0.0,1.118033988749895,1.118033988749895"
A206,B206,1.00E-07,1.00E-08,4096,4096,0.5,"-0.41421356237309515,-0.41421356237309515,1.0,1.0",0.8,"0.0,0.0,1.118033988749895,1.118033988749895"
A207,B207,1.00E-07,1.00E-08,8192,4096,0.4,"-0.5811388300841898,-0.5811388300841898,1.0,1.0",0.8,"0.0,0.0,1.118033988749895,1.118033988749895"
A208,B208,1.00E-07,1.00E-08,16384,4096,0.3,"-0.8257418583505538,-0.8257418583505538,1.0,1.0",0.8,"0.0,0.0,1.118033988749895,1.118033988749895"
A209,B209,1.00E-07,1.00E-08,32768,4096,0.2,"-1.2360679774997898,-1.2360679774997898,1.0,1.0",0.8,"0.0,0.0,1.118033988749895,1.118033988749895"
A210,B210,1.00E-07,1.00E-08,65536,4096,0.1,"-2.1622776601683795,-2.1622776601683795,1.0,1.0",0.8,"0.0,0.0,1.118033988749895,1.118033988749895"
A211,B211,1.00E-07,1.00E-08,128,4096,1,"0.0,0.0,1.0,1.0",0.7,"0.0,0.0,1.1952286093343936,1.1952286093343936"
A212,B212,1.00E-07,1.00E-08,256,4096,0.9,"-0.05409255338945984,-0.05409255338945984,1.0,1.0",0.7,"0.0,0.0,1.1952286093343936,1.1952286093343936"
A213,B213,1.00E-07,1.00E-08,512,4096,0.8,"-0.1180339887498949,-0.1180339887498949,1.0,1.0",0.7,"0.0,0.0,1.1952286093343936,1.1952286093343936"
A214,B214,1.00E-07,1.00E-08,1024,4096,0.7,"-0.19522860933439357,-0.19522860933439357,1.0,1.0",0.7,"0.0,0.0,1.1952286093343936,1.1952286093343936"
A215,B215,1.00E-07,1.00E-08,2048,4096,0.6,"-0.2909944487358056,-0.2909944487358056,1.0,1.0",0.7,"0.0,0.0,1.1952286093343936,1.1952286093343936"
A216,B216,1.00E-07,1.00E-08,4096,4096,0.5,"-0.41421356237309515,-0.41421356237309515,1.0,1.0",0.7,"0.0,0.0,1.1952286093343936,1.1952286093343936"
A217,B217,1.00E-07,1.00E-08,8192,4096,0.4,"-0.5811388300841898,-0.5811388300841898,1.0,1.0",0.7,"0.0,0.0,1.1952286093343936,1.1952286093343936"
A218,B218,1.00E-07,1.00E-08,16384,4096,0.3,"-0.8257418583505538,-0.8257418583505538,1.0,1.0",0.7,"0.0,0.0,1.1952286093343936,1.1952286093343936"
A219,B219,1.00E-07,1.00E-08,32768,4096,0.2,"-1.2360679774997898,-1.2360679774997898,1.0,1.0",0.7,"0.0,0.0,1.1952286093343936,1.1952286093343936"
A220,B220,1.00E-07,1.00E-08,65536,4096,0.1,"-2.1622776601683795,-2.1622776601683795,1.0,1.0",0.7,"0.0,0.0,1.1952286093343936,1.1952286093343936"
A221,B221,1.00E-07,1.00E-08,128,4096,1,"0.0,0.0,1.0,1.0",0.6,"0.0,0.0,1.2909944487358056,1.2909944487358056"
A222,B222,1.00E-07,1.00E-08,256,4096,0.9,"-0.05409255338945984,-0.05409255338945984,1.0,1.0",0.6,"0.0,0.0,1.2909944487358056,1.2909944487358056"
A223,B223,1.00E-07,1.00E-08,512,4096,0.8,"-0.1180339887498949,-0.1180339887498949,1.0,1.0",0.6,"0.0,0.0,1.2909944487358056,1.2909944487358056"
A224,B224,1.00E-07,1.00E-08,1024,4096,0.7,"-0.19522860933439357,-0.19522860933439357,1.0,1.0",0.6,"0.0,0.0,1.2909944487358056,1.2909944487358056"
A225,B225,1.00E-07,1.00E-08,2048,4096,0.6,"-0.2909944487358056,-0.2909944487358056,1.0,1.0",0.6,"0.0,0.0,1.2909944487358056,1.2909944487358056"
A226,B226,1.00E-07,1.00E-08,4096,4096,0.5,"-0.41421356237309515,-0.41421356237309515,1.0,1.0",0.6,"0.0,0.0,1.2909944487358056,1.2909944487358056"
A227,B227,1.00E-07,1.00E-08,8192,4096,0.4,"-0.5811388300841898,-0.5811388300841898,1.0,1.0",0.6,"0.0,0.0,1.2909944487358056,1.2909944487358056"
A228,B228,1.00E-07,1.00E-08,16384,4096,0.3,"-0.8257418583505538,-0.8257418583505538,1.0,1.0",0.6,"0.0,0.0,1.2909944487358056,1.2909944487358056"
A229,B229,1.00E-07,1.00E-08,32768,4096,0.2,"-1.2360679774997898,-1.2360679774997898,1.0,1.0",0.6,"0.0,0.0,1.2909944487358056,1.2909944487358056"
A230,B230,1.00E-07,1.00E-08,65536,4096,0.1,"-2.1622776601683795,-2.1622776601683795,1.0,1.0",0.6,"0.0,0.0,1.2909944487358056,1.2909944487358056"
A231,B231,1.00E-07,1.00E-08,128,4096,1,"0.0,0.0,1.0,1.0",0.5,"0.0,0.0,1.4142135623730951,1.4142135623730951"
A232,B232,1.00E-07,1.00E-08,256,4096,0.9,"-0.05409255338945984,-0.05409255338945984,1.0,1.0",0.5,"0.0,0.0,1.4142135623730951,1.4142135623730951"
A233,B233,1.00E-07,1.00E-08,512,4096,0.8,"-0.1180339887498949,-0.1180339887498949,1.0,1.0",0.5,"0.0,0.0,1.4142135623730951,1.4142135623730951"
A234,B234,1.00E-07,1.00E-08,1024,4096,0.7,"-0.19522860933439357,-0.19522860933439357,1.0,1.0",0.5,"0.0,0.0,1.4142135623730951,1.4142135623730951"
A235,B235,1.00E-07,1.00E-08,2048,4096,0.6,"-0.2909944487358056,-0.2909944487358056,1.0,1.0",0.5,"0.0,0.0,1.4142135623730951,1.4142135623730951"
A236,B236,1.00E-07,1.00E-08,4096,4096,0.5,"-0.41421356237309515,-0.41421356237309515,1.0,1.0",0.5,"0.0,0.0,1.4142135623730951,1.4142135623730951"
A237,B237,1.00E-07,1.00E-08,8192,4096,0.4,"-0.5811388300841898,-0.5811388300841898,1.0,1.0",0.5,"0.0,0.0,1.4142135623730951,1.4142135623730951"
A238,B238,1.00E-07,1.00E-08,16384,4096,0.3,"-0.8257418583505538,-0.8257418583505538,1.0,1.0",0.5,"0.0,0.0,1.4142135623730951,1.4142135623730951"
A239,B239,1.00E-07,1.00E-08,32768,4096,0.2,"-1.2360679774997898,-1.2360679774997898,1.0,1.0",0.5,"0.0,0.0,1.4142135623730951,1.4142135623730951"
A240,B240,1.00E-07,1.00E-08,65536,4096,0.1,"-2.1622776601683795,-2.1622776601683795,1.0,1.0",0.5,"0.0,0.0,1.4142135623730951,1.4142135623730951"
A241,B241,1.00E-07,1.00E-08,128,4096,1,"0.0,0.0,1.0,1.0",0.4,"0.0,0.0,1.5811388300841898,1.5811388300841898"
A242,B242,1.00E-07,1.00E-08,256,4096,0.9,"-0.05409255338945984,-0.05409255338945984,1.0,1.0",0.4,"0.0,0.0,1.5811388300841898,1.5811388300841898"
A243,B243,1.00E-07,1.00E-08,512,4096,0.8,"-0.1180339887498949,-0.1180339887498949,1.0,1.0",0.4,"0.0,0.0,1.5811388300841898,1.5811388300841898"
A244,B244,1.00E-07,1.00E-08,1024,4096,0.7,"-0.19522860933439357,-0.19522860933439357,1.0,1.0",0.4,"0.0,0.0,1.5811388300841898,1.5811388300841898"
A245,B245,1.00E-07,1.00E-08,2048,4096,0.6,"-0.2909944487358056,-0.2909944487358056,1.0,1.0",0.4,"0.0,0.0,1.5811388300841898,1.5811388300841898"
A246,B246,1.00E-07,1.00E-08,4096,4096,0.5,"-0.41421356237309515,-0.41421356237309515,1.0,1.0",0.4,"0.0,0.0,1.5811388300841898,1.5811388300841898"
A247,B247,1.00E-07,1.00E-08,8192,4096,0.4,"-0.5811388300841898,-0.5811388300841898,1.0,1.0",0.4,"0.0,0.0,1.5811388300841898,1.5811388300841898"
A248,B248,1.00E-07,1.00E-08,16384,4096,0.3,"-0.8257418583505538,-0.8257418583505538,1.0,1.0",0.4,"0.0,0.0,1.5811388300841898,1.5811388300841898"
A249,B249,1.00E-07,1.00E-08,32768,4096,0.2,"-1.2360679774997898,-1.2360679774997898,1.0,1.0",0.4,"0.0,0.0,1.5811388300841898,1.5811388300841898"
A250,B250,1.00E-07,1.00E-08,65536,4096,0.1,"-2.1622776601683795,-2.1622776601683795,1.0,1.0",0.4,"0.0,0.0,1.5811388300841898,1.5811388300841898"
A251,B251,1.00E-07,1.00E-08,128,4096,1,"0.0,0.0,1.0,1.0",0.3,"0.0,0.0,1.8257418583505538,1.8257418583505538"
A252,B252,1.00E-07,1.00E-08,256,4096,0.9,"-0.05409255338945984,-0.05409255338945984,1.0,1.0",0.3,"0.0,0.0,1.8257418583505538,1.8257418583505538"
A253,B253,1.00E-07,1.00E-08,512,4096,0.8,"-0.1180339887498949,-0.1180339887498949,1.0,1.0",0.3,"0.0,0.0,1.8257418583505538,1.8257418583505538"
A254,B254,1.00E-07,1.00E-08,1024,4096,0.7,"-0.19522860933439357,-0.19522860933439357,1.0,1.0",0.3,"0.0,0.0,1.8257418583505538,1.8257418583505538"
A255,B255,1.00E-07,1.00E-08,2048,4096,0.6,"-0.2909944487358056,-0.2909944487358056,1.0,1.0",0.3,"0.0,0.0,1.8257418583505538,1.8257418583505538"
A256,B256,1.00E-07,1.00E-08,4096,4096,0.5,"-0.41421356237309515,-0.41421356237309515,1.0,1.0",0.3,"0.0,0.0,1.8257418583505538,1.8257418583505538"
A257,B257,1.00E-07,1.00E-08,8192,4096,0.4,"-0.5811388300841898,-0.5811388300841898,1.0,1.0",0.3,"0.0,0.0,1.8257418583505538,1.8257418583505538"
A258,B258,1.00E-07,1.00E-08,16384,4096,0.3,"-0.8257418583505538,-0.8257418583505538,1.0,1.0",0.3,"0.0,0.0,1.8257418583505538,1.8257418583505538"
A259,B259,1.00E-07,1.00E-08,32768,4096,0.2,"-1.2360679774997898,-1.2360679774997898,1.0,1.0",0.3,"0.0,0.0,1.8257418583505538,1.8257418583505538"
A260,B260,1.00E-07,1.00E-08,65536,4096,0.1,"-2.1622776601683795,-2.1622776601683795,1.0,1.0",0.3,"0.0,0.0,1.8257418583505538,1.8257418583505538"
A261,B261,1.00E-07,1.00E-08,128,4096,1,"0.0,0.0,1.0,1.0",0.2,"0.0,0.0,2.23606797749979,2.23606797749979"
A262,B262,1.00E-07,1.00E-08,256,4096,0.9,"-0.05409255338945984,-0.05409255338945984,1.0,1.0",0.2,"0.0,0.0,2.23606797749979,2.23606797749979"
A263,B263,1.00E-07,1.00E-08,512,4096,0.8,"-0.1180339887498949,-0.1180339887498949,1.0,1.0",0.2,"0.0,0.0,2.23606797749979,2.23606797749979"
A264,B264,1.00E-07,1.00E-08,1024,4096,0.7,"-0.19522860933439357,-0.19522860933439357,1.0,1.0",0.2,"0.0,0.0,2.23606797749979,2.23606797749979"
A265,B265,1.00E-07,1.00E-08,2048,4096,0.6,"-0.2909944487358056,-0.2909944487358056,1.0,1.0",0.2,"0.0,0.0,2.23606797749979,2.23606797749979"
A266,B266,1.00E-07,1.00E-08,4096,4096,0.5,"-0.41421356237309515,-0.41421356237309515,1.0,1.0",0.2,"0.0,0.0,2.23606797749979,2.23606797749979"
A267,B267,1.00E-07,1.00E-08,8192,4096,0.4,"-0.5811388300841898,-0.5811388300841898,1.0,1.0",0.2,"0.0,0.0,2.23606797749979,2.23606797749979"
A268,B268,1.00E-07,1.00E-08,16384,4096,0.3,"-0.8257418583505538,-0.8257418583505538,1.0,1.0",0.2,"0.0,0.0,2.23606797749979,2.23606797749979"
A269,B269,1.00E-07,1.00E-08,32768,4096,0.2,"-1.2360679774997898,-1.2360679774997898,1.0,1.0",0.2,"0.0,0.0,2.23606797749979,2.23606797749979"
A270,B270,1.00E-07,1.00E-08,65536,4096,0.1,"-2.1622776601683795,-2.1622776601683795,1.0,1.0",0.2,"0.0,0.0,2.23606797749979,2.23606797749979"
A271,B271,1.00E-07,1.00E-08,128,4096,1,"0.0,0.0,1.0,1.0",0.1,"0.0,0.0,3.1622776601683795,3.1622776601683795"
A272,B272,1.00E-07,1.00E-08,256,4096,0.9,"-0.05409255338945984,-0.05409255338945984,1.0,1.0",0.1,"0.0,0.0,3.1622776601683795,3.1622776601683795"
A273,B273,1.00E-07,1.00E-08,512,4096,0.8,"-0.1180339887498949,-0.1180339887498949,1.0,1.0",0.1,"0.0,0.0,3.1622776601683795,3.1622776601683795"
A274,B274,1.00E-07,1.00E-08,1024,4096,0.7,"-0.19522860933439357,-0.19522860933439357,1.0,1.0",0.1,"0.0,0.0,3.1622776601683795,3.1622776601683795"
A275,B275,1.00E-07,1.00E-08,2048,4096,0.6,"-0.2909944487358056,-0.2909944487358056,1.0,1.0",0.1,"0.0,0.0,3.1622776601683795,3.1622776601683795"
A276,B276,1.00E-07,1.00E-08,4096,4096,0.5,"-0.41421356237309515,-0.41421356237309515,1.0,1.0",0.1,"0.0,0.0,3.1622776601683795,3.1622776601683795"
A277,B277,1.00E-07,1.00E-08,8192,4096,0.4,"-0.5811388300841898,-0.5811388300841898,1.0,1.0",0.1,"0.0,0.0,3.1622776601683795,3.1622776601683795"
A278,B278,1.00E-07,1.00E-08,16384,4096,0.3,"-0.8257418583505538,-0.8257418583505538,1.0,1.0",0.1,"0.0,0.0,3.1622776601683795,3.1622776601683795"
A279,B279,1.00E-07,1.00E-08,32768,4096,0.2,"-1.2360679774997898,-1.2360679774997898,1.0,1.0",0.1,"0.0,0.0,3.1622776601683795,3.1622776601683795"
A280,B280,1.00E-07,1.00E-08,65536,4096,0.1,"-2.1622776601683795,-2.1622776601683795,1.0,1.0",0.1,"0.0,0.0,3.1622776601683795,3.1622776601683795"
A281,B281,1.00E-07,1.00E-08,128,4096,1,"0.0,0.0,1.0,1.0",0.01,"0.0,0.0,10.0,10.0"
A282,B282,1.00E-07,1.00E-08,256,4096,0.9,"-0.05409255338945984,-0.05409255338945984,1.0,1.0",0.01,"0.0,0.0,10.0,10.0"
A283,B283,1.00E-07,1.00E-08,512,4096,0.8,"-0.1180339887498949,-0.1180339887498949,1.0,1.0",0.01,"0.0,0.0,10.0,10.0"
A284,B284,1.00E-07,1.00E-08,1024,4096,0.7,"-0.19522860933439357,-0.19522860933439357,1.0,1.0",0.01,"0.0,0.0,10.0,10.0"
A285,B285,1.00E-07,1.00E-08,2048,4096,0.6,"-0.2909944487358056,-0.2909944487358056,1.0,1.0",0.01,"0.0,0.0,10.0,10.0"
A286,B286,1.00E-07,1.00E-08,4096,4096,0.5,"-0.41421356237309515,-0.41421356237309515,1.0,1.0",0.01,"0.0,0.0,10.0,10.0"
A287,B287,1.00E-07,1.00E-08,8192,4096,0.4,"-0.5811388300841898,-0.5811388300841898,1.0,1.0",0.01,"0.0,0.0,10.0,10.0"
A288,B288,1.00E-07,1.00E-08,16384,4096,0.3,"-0.8257418583505538,-0.8257418583505538,1.0,1.0",0.01,"0.0,0.0,10.0,10.0"
A289,B289,1.00E-07,1.00E-08,32768,4096,0.2,"-1.2360679774997898,-1.2360679774997898,1.0,1.0",0.01,"0.0,0.0,10.0,10.0"
A290,B290,1.00E-07,1.00E-08,65536,4096,0.1,"-2.1622776601683795,-2.1622776601683795,1.0,1.0",0.01,"0.0,0.0,10.0,10.0"
A291,B291,1.00E-05,1.00E-08,128,8192,1,"0.0,0.0,1.0,1.0",0.3,"0.0,0.0,1.8257418583505538,1.8257418583505538"
A292,B292,1.00E-05,1.00E-08,256,8192,1,"0.0,0.0,1.0,1.0",0.5,"0.0,0.0,1.4142135623730951,1.4142135623730951"
A293,B293,1.00E-05,1.00E-08,512,8192,1,"0.0,0.0,1.0,1.0",0.6,"0.0,0.0,1.2909944487358056,1.2909944487358056"
A294,B294,1.00E-05,1.00E-08,1024,8192,1,"0.0,0.0,1.0,1.0",0.7,"0.0,0.0,1.1952286093343936,1.1952286093343936"
A295,B295,1.00E-05,1.00E-08,2048,8192,1,"0.0,0.0,1.0,1.0",0.8,"0.0,0.0,1.118033988749895,1.118033988749895"
A296,B296,1.00E-05,1.00E-08,4096,8192,1,"0.0,0.0,1.0,1.0",0.9,"0.0,0.0,1.0540925533894598,1.0540925533894598"
A297,B297,1.00E-05,1.00E-08,8192,8192,0.9,"-0.05409255338945984,-0.05409255338945984,1.0,1.0",1,"0.0,0.0,1.0,1.0"
A298,B298,1.00E-05,1.00E-08,16384,8192,0.7,"-0.19522860933439357,-0.19522860933439357,1.0,1.0",1,"0.0,0.0,1.0,1.0"
A299,B299,1.00E-05,1.00E-08,32768,8192,0.5,"-0.41421356237309515,-0.41421356237309515,1.0,1.0",1,"0.0,0.0,1.0,1.0"
A300,B300,1.00E-05,1.00E-08,65536,8192,0.3,"-0.8257418583505538,-0.8257418583505538,1.0,1.0",1,"0.0,0.0,1.0,1.0"